{"cameraMode":{"drawMode":0,"name":"Shaded","section":"Shading Mode"},"sceneLighting":false,"audioPlay":false,"sceneViewState":{"showFog":true,"showMaterialUpdate":false,"showSkybox":true,"showFlares":true,"showImageEffects":true,"showParticleSystems":true},"in2DMode":false,"pivot":{"x":-18.299999237060548,"y":0.550000011920929,"z":-7.300000190734863},"rotation":{"x":-0.0012913873651996256,"y":-0.9984557628631592,"z":0.04887494817376137,"w":-0.026375439018011094},"size":2.8578836917877199,"orthographic":false}