{"cameraMode":{"drawMode":0,"name":"Shaded","section":"Shading Mode"},"sceneLighting":true,"audioPlay":false,"sceneViewState":{"showFog":true,"showMaterialUpdate":false,"showSkybox":true,"showFlares":true,"showImageEffects":true,"showParticleSystems":true},"in2DMode":false,"pivot":{"x":-23.111602783203126,"y":-2.5373687744140627,"z":8.161712646484375},"rotation":{"x":0.2240428477525711,"y":-0.2063312977552414,"z":0.04859623685479164,"w":0.9512468576431274},"size":7.859309196472168,"orthographic":false}