{"cameraMode":{"drawMode":0,"name":"Shaded","section":"Shading Mode"},"sceneLighting":false,"audioPlay":false,"sceneViewState":{"showFog":true,"showMaterialUpdate":false,"showSkybox":true,"showFlares":true,"showImageEffects":true,"showParticleSystems":true},"in2DMode":false,"pivot":{"x":-0.9361598491668701,"y":-1.111759901046753,"z":1.8221114873886109},"rotation":{"x":-0.3204476833343506,"y":-0.08621907234191895,"z":0.029302867129445077,"w":-0.9428790807723999},"size":5.263736248016357,"orthographic":false}