{"cameraMode":{"drawMode":0,"name":"Shaded","section":"Shading Mode"},"sceneLighting":false,"audioPlay":false,"sceneViewState":{"showFog":true,"showMaterialUpdate":false,"showSkybox":true,"showFlares":true,"showImageEffects":true,"showParticleSystems":true},"in2DMode":false,"pivot":{"x":-18.61882209777832,"y":0.3059999942779541,"z":-5.925278186798096},"rotation":{"x":-0.2819002866744995,"y":0.6620612144470215,"z":-0.29055288434028628,"w":-0.6307029128074646},"size":0.57630854845047,"orthographic":false}