{"cameraMode":{"drawMode":0,"name":"Shaded","section":"Shading Mode"},"sceneLighting":false,"audioPlay":false,"sceneViewState":{"showFog":true,"showMaterialUpdate":false,"showSkybox":true,"showFlares":true,"showImageEffects":true,"showParticleSystems":true},"in2DMode":false,"pivot":{"x":6.0,"y":1.7587873935699463,"z":-4.100494384765625},"rotation":{"x":-0.0012913873651996256,"y":-0.9984557628631592,"z":0.04887494817376137,"w":-0.026375439018011094},"size":7.65900993347168,"orthographic":false}