{"cameraMode":{"drawMode":0,"name":"Shaded","section":"Shading Mode"},"sceneLighting":false,"audioPlay":false,"sceneViewState":{"showFog":true,"showMaterialUpdate":false,"showSkybox":true,"showFlares":true,"showImageEffects":true,"showParticleSystems":true},"in2DMode":false,"pivot":{"x":5.1642022132873539,"y":1.8793500661849976,"z":-17.237228393554689},"rotation":{"x":0.03561234474182129,"y":0.803190290927887,"z":-0.04826122522354126,"w":0.5926955342292786},"size":1.6258388757705689,"orthographic":false}