{"cameraMode":{"drawMode":0,"name":"Shaded","section":"Shading Mode"},"sceneLighting":false,"audioPlay":false,"sceneViewState":{"showFog":true,"showMaterialUpdate":false,"showSkybox":true,"showFlares":true,"showImageEffects":true,"showParticleSystems":true},"in2DMode":false,"pivot":{"x":-19.90350914001465,"y":1.107591152191162,"z":3.6903603076934816},"rotation":{"x":-0.0838053822517395,"y":0.7109076380729675,"z":-0.08102374523878098,"w":-0.6935575604438782},"size":0.4879812002182007,"orthographic":false}